mean_fit_time,std_fit_time,mean_score_time,std_score_time,param_model__batch_size,param_model__callbacks__early_stopping__patience,param_model__lr,param_model__max_epochs,param_model__module__dropout,param_model__module__hidden_size,param_model__module__num_layers,param_model__module__readout_mode,param_model__optimizer__weight_decay,param_prep__block_seconds,params,split0_test_score,split1_test_score,split2_test_score,split3_test_score,split4_test_score,mean_test_score,std_test_score,rank_test_score,split0_train_score,split1_train_score,split2_train_score,split3_train_score,split4_train_score,mean_train_score,std_train_score
0.8410789489746093,0.2562053675873786,0.022487068176269533,0.0006744988539045041,128,25,0.1,500,0.1,512,2,attention,0.0,86400,"{'model__batch_size': 128, 'model__callbacks__early_stopping__patience': 25, 'model__lr': 0.1, 'model__max_epochs': 500, 'model__module__dropout': 0.1, 'model__module__hidden_size': 512, 'model__module__num_layers': 2, 'model__module__readout_mode': 'attention', 'model__optimizer__weight_decay': 0.0, 'prep__block_seconds': 86400}",0.8189153497592091,0.5211190441125668,0.39999675020360426,0.9059964080224562,0.7746151415729322,0.6841285387341538,0.19125042731062963,1,0.706585999975295,0.7999376772026896,0.43634425874926974,0.7762075335710013,0.8260401237970727,0.7090231186590656,0.14200836753015253
174.194420671463,143.04095949243424,2.701987934112549,0.1787983364668052,128,25,0.1,500,0.1,512,2,mean,0.0,240,"{'model__batch_size': 128, 'model__callbacks__early_stopping__patience': 25, 'model__lr': 0.1, 'model__max_epochs': 500, 'model__module__dropout': 0.1, 'model__module__hidden_size': 512, 'model__module__num_layers': 2, 'model__module__readout_mode': 'mean', 'model__optimizer__weight_decay': 0.0, 'prep__block_seconds': 240}",0.59295933985327,0.4313839190894828,0.5276138740809377,0.6464813080361023,0.7639756932829465,0.5924828268685478,0.11179150717959124,2,0.5093560930528532,0.6087462173219499,0.23009779752398574,0.5478996056075118,0.8271111204934737,0.5446421667999549,0.19188117012637057
193.24445276260377,80.68873615331435,2.712250232696533,0.1743858216069202,128,25,0.05,500,0.1,256,2,mean,0.0,240,"{'model__batch_size': 128, 'model__callbacks__early_stopping__patience': 25, 'model__lr': 0.05, 'model__max_epochs': 500, 'model__module__dropout': 0.1, 'model__module__hidden_size': 256, 'model__module__num_layers': 2, 'model__module__readout_mode': 'mean', 'model__optimizer__weight_decay': 0.0, 'prep__block_seconds': 240}",0.6868036044961336,0.5762314792635799,0.46778546192282033,0.6412954573893765,0.5414417485565679,0.5827115503256957,0.07644661348010921,3,0.6741561775259304,0.6552615045299057,0.5431573487733253,0.6188878834628986,0.7425574968237262,0.6468040822231573,0.06559015326287611
1.0999189376831056,0.38549870709846257,0.02234783172607422,0.0006347408764111287,128,25,0.1,500,0.1,512,2,mean,0.0,86400,"{'model__batch_size': 128, 'model__callbacks__early_stopping__patience': 25, 'model__lr': 0.1, 'model__max_epochs': 500, 'model__module__dropout': 0.1, 'model__module__hidden_size': 512, 'model__module__num_layers': 2, 'model__module__readout_mode': 'mean', 'model__optimizer__weight_decay': 0.0, 'prep__block_seconds': 86400}",0.7417269153741998,0.14914175561687149,0.44262075231047426,0.7725200512210099,0.801235859102965,0.581449066725104,0.25166098470299425,4,0.8176311518092194,0.8024269996112827,0.18390860030101785,0.8182257671048413,0.8613306840649749,0.6967046405782673,0.25714950345213455
0.4590919971466064,0.12183523701987488,0.012300252914428711,0.0003644322310497495,128,25,0.05,500,0.1,256,2,attention,0.0,518400,"{'model__batch_size': 128, 'model__callbacks__early_stopping__patience': 25, 'model__lr': 0.05, 'model__max_epochs': 500, 'model__module__dropout': 0.1, 'model__module__hidden_size': 256, 'model__module__num_layers': 2, 'model__module__readout_mode': 'attention', 'model__optimizer__weight_decay': 0.0, 'prep__block_seconds': 518400}",0.6019122134431654,0.6344499400086845,0.5446896518502947,0.7994812931240769,0.3025866089690653,0.5766239414790574,0.161099348509171,5,0.7359310225143394,0.6552837150717483,0.5869370838290366,0.6641581470020697,0.6620596650788926,0.6608739266992173,0.04720946284454589
0.4637918949127197,0.09908477445742792,0.012068986892700195,0.0003495731875198332,128,25,0.05,500,0.1,256,2,mean,0.0,518400,"{'model__batch_size': 128, 'model__callbacks__early_stopping__patience': 25, 'model__lr': 0.05, 'model__max_epochs': 500, 'model__module__dropout': 0.1, 'model__module__hidden_size': 256, 'model__module__num_layers': 2, 'model__module__readout_mode': 'mean', 'model__optimizer__weight_decay': 0.0, 'prep__block_seconds': 518400}",0.6019122134431654,0.6344499400086845,0.5446896518502947,0.7994812931240769,0.3025866089690653,0.5766239414790574,0.161099348509171,5,0.7359310225143394,0.6552837150717483,0.5869370838290366,0.6641581470020697,0.6620596650788926,0.6608739266992173,0.04720946284454589
159.04343581199646,38.461017641864274,2.7066041946411135,0.1734272358093139,128,25,0.1,500,0.1,512,2,attention,0.0,240,"{'model__batch_size': 128, 'model__callbacks__early_stopping__patience': 25, 'model__lr': 0.1, 'model__max_epochs': 500, 'model__module__dropout': 0.1, 'model__module__hidden_size': 512, 'model__module__num_layers': 2, 'model__module__readout_mode': 'attention', 'model__optimizer__weight_decay': 0.0, 'prep__block_seconds': 240}",0.7268058906967554,0.5285541250226484,0.6620006393517264,0.8524749256686666,0.06406076944567307,0.5667792700370939,0.27220752696754025,7,0.664172499783596,0.885010443623917,0.8342097592732193,0.771262222757203,0.5551510639710255,0.7419611978817923,0.11897944488734095
0.3299539089202881,0.06333809296723242,0.012030601501464844,0.00034815608032568384,128,25,0.1,500,0.1,256,2,mean,0.0,518400,"{'model__batch_size': 128, 'model__callbacks__early_stopping__patience': 25, 'model__lr': 0.1, 'model__max_epochs': 500, 'model__module__dropout': 0.1, 'model__module__hidden_size': 256, 'model__module__num_layers': 2, 'model__module__readout_mode': 'mean', 'model__optimizer__weight_decay': 0.0, 'prep__block_seconds': 518400}",0.5509350419210397,0.6362659249227579,0.5450271524096673,0.8050532838477055,0.26922712405984583,0.5613017054322033,0.1736170245431891,8,0.7509311086806989,0.6318366345050889,0.5955261539424723,0.6589083246057128,0.6488721865816971,0.657214881663134,0.05158440476197844
0.3932040214538574,0.07705093495628641,0.012225008010864258,0.0003593098695651871,128,25,0.1,500,0.1,256,2,attention,0.0,518400,"{'model__batch_size': 128, 'model__callbacks__early_stopping__patience': 25, 'model__lr': 0.1, 'model__max_epochs': 500, 'model__module__dropout': 0.1, 'model__module__hidden_size': 256, 'model__module__num_layers': 2, 'model__module__readout_mode': 'attention', 'model__optimizer__weight_decay': 0.0, 'prep__block_seconds': 518400}",0.5509350419210397,0.6362659249227579,0.5450271524096673,0.8050532838477055,0.26922712405984583,0.5613017054322033,0.1736170245431891,8,0.7509311086806989,0.6318366345050889,0.5955261539424723,0.6589083246057128,0.6488721865816971,0.657214881663134,0.05158440476197844
0.7577651977539063,0.07542530218868011,0.02200007438659668,0.0006540362324963276,128,25,0.05,500,0.1,256,2,mean,0.0,86400,"{'model__batch_size': 128, 'model__callbacks__early_stopping__patience': 25, 'model__lr': 0.05, 'model__max_epochs': 500, 'model__module__dropout': 0.1, 'model__module__hidden_size': 256, 'model__module__num_layers': 2, 'model__module__readout_mode': 'mean', 'model__optimizer__weight_decay': 0.0, 'prep__block_seconds': 86400}",0.5915215714696462,0.6491127137714157,0.5427580926437137,0.778972354212398,0.24268857962398405,0.5610106623442316,0.17768640398826208,10,0.6089908201243337,0.6360056727412637,0.5739771834812468,0.6283200432906604,0.6505239379818595,0.6195635315238728,0.026440365460332172
141.79818930625916,58.73200085168262,2.703936815261841,0.16910807448090465,128,25,0.05,500,0.1,512,2,mean,0.0,240,"{'model__batch_size': 128, 'model__callbacks__early_stopping__patience': 25, 'model__lr': 0.05, 'model__max_epochs': 500, 'model__module__dropout': 0.1, 'model__module__hidden_size': 512, 'model__module__num_layers': 2, 'model__module__readout_mode': 'mean', 'model__optimizer__weight_decay': 0.0, 'prep__block_seconds': 240}",0.6171635696576594,0.5658460728392081,0.40767777183463194,0.6598851553084701,0.5453070443008594,0.5591759227881659,0.0856661463342768,11,0.6101534343126325,0.6426617291710446,0.5275181401787734,0.6028264504578755,0.7378842648895576,0.6242088038019767,0.06821504787956971
0.4019968509674072,0.1550267972156374,0.012046098709106445,0.00036859956469703734,128,25,0.1,500,0.1,512,2,mean,0.0,518400,"{'model__batch_size': 128, 'model__callbacks__early_stopping__patience': 25, 'model__lr': 0.1, 'model__max_epochs': 500, 'model__module__dropout': 0.1, 'model__module__hidden_size': 512, 'model__module__num_layers': 2, 'model__module__readout_mode': 'mean', 'model__optimizer__weight_decay': 0.0, 'prep__block_seconds': 518400}",0.6348357550665082,0.45977194687546363,0.5290251841140822,0.7991047869907953,0.3686637783397161,0.5582802902773131,0.1485741255819271,12,0.710062888414439,0.8192053286934273,0.592071614999186,0.7884971207108049,0.6202201366415777,0.706011417891887,0.08941542333095587
0.3887026309967041,0.14952159092268183,0.012275457382202148,0.00036924506595592625,128,25,0.1,500,0.1,512,2,attention,0.0,518400,"{'model__batch_size': 128, 'model__callbacks__early_stopping__patience': 25, 'model__lr': 0.1, 'model__max_epochs': 500, 'model__module__dropout': 0.1, 'model__module__hidden_size': 512, 'model__module__num_layers': 2, 'model__module__readout_mode': 'attention', 'model__optimizer__weight_decay': 0.0, 'prep__block_seconds': 518400}",0.6340595091983144,0.45977194687546363,0.5290251841140822,0.7991047869907953,0.3686637783397161,0.5581250411036743,0.14849443375549737,13,0.7099567937644029,0.8192053286934273,0.592071614999186,0.7884971207108049,0.6202201366415777,0.7059901989618799,0.08941447195329803
0.6611334800720214,0.239212951556643,0.012229442596435547,0.00039986632691300526,128,25,0.5,500,0.1,256,2,attention,0.0,518400,"{'model__batch_size': 128, 'model__callbacks__early_stopping__patience': 25, 'model__lr': 0.5, 'model__max_epochs': 500, 'model__module__dropout': 0.1, 'model__module__hidden_size': 256, 'model__module__num_layers': 2, 'model__module__readout_mode': 'attention', 'model__optimizer__weight_decay': 0.0, 'prep__block_seconds': 518400}",0.5208806840402354,0.40536143987877504,0.3881247440822335,0.7908270882483769,0.5994581805983603,0.5409304273695963,0.14697235007861095,14,0.8615413928028823,0.8086070904055329,0.6222269480455509,0.7574370251466132,0.7036021393036944,0.7506829191408547,0.08295536762310678
9.86355710029602,5.065776982368754,0.22556114196777344,0.014523257429173585,128,25,0.05,500,0.1,512,2,attention,0.0,3600,"{'model__batch_size': 128, 'model__callbacks__early_stopping__patience': 25, 'model__lr': 0.05, 'model__max_epochs': 500, 'model__module__dropout': 0.1, 'model__module__hidden_size': 512, 'model__module__num_layers': 2, 'model__module__readout_mode': 'attention', 'model__optimizer__weight_decay': 0.0, 'prep__block_seconds': 3600}",0.6713004915580802,0.3880711065385728,0.4321060456293424,0.695377864873588,0.5113533037892186,0.5396417624777603,0.12403675710643261,15,0.5869658342207872,0.9386875479507556,0.45260607587039015,0.6510981719487068,0.7395004399517492,0.6737716139884778,0.1621507041339549
8.5696870803833,1.2827933673703247,0.2266641616821289,0.01435770281505898,128,25,0.05,500,0.1,256,2,mean,0.0,3600,"{'model__batch_size': 128, 'model__callbacks__early_stopping__patience': 25, 'model__lr': 0.05, 'model__max_epochs': 500, 'model__module__dropout': 0.1, 'model__module__hidden_size': 256, 'model__module__num_layers': 2, 'model__module__readout_mode': 'mean', 'model__optimizer__weight_decay': 0.0, 'prep__block_seconds': 3600}",0.5655267755279959,0.6113510072886115,0.5172421191819789,0.5600287860750623,0.43718945462905,0.5382676285405397,0.058679909008157886,16,0.5962535684090118,0.6156660203547989,0.5515000124168034,0.5990700292688342,0.6905871524853541,0.6106153565869604,0.04528835789166383
0.3675703525543213,0.08858385410960316,0.01216297149658203,0.000386079573182816,128,25,0.05,500,0.1,512,2,mean,0.0,518400,"{'model__batch_size': 128, 'model__callbacks__early_stopping__patience': 25, 'model__lr': 0.05, 'model__max_epochs': 500, 'model__module__dropout': 0.1, 'model__module__hidden_size': 512, 'model__module__num_layers': 2, 'model__module__readout_mode': 'mean', 'model__optimizer__weight_decay': 0.0, 'prep__block_seconds': 518400}",0.6854323021192628,0.5052405729974725,0.4773259836564079,0.6124239719336158,0.4108078974738094,0.5382461456361136,0.09819089125781444,17,0.7140294776709831,0.8095870021000177,0.6226429315897695,0.6906867370573181,0.6460344760324823,0.6965961248901141,0.06500974714752354
0.43508687019348147,0.10416319691200134,0.01235203742980957,0.0003001888706390236,128,25,0.05,500,0.1,512,2,attention,0.0,518400,"{'model__batch_size': 128, 'model__callbacks__early_stopping__patience': 25, 'model__lr': 0.05, 'model__max_epochs': 500, 'model__module__dropout': 0.1, 'model__module__hidden_size': 512, 'model__module__num_layers': 2, 'model__module__readout_mode': 'attention', 'model__optimizer__weight_decay': 0.0, 'prep__block_seconds': 518400}",0.6854323021192628,0.5052405729974725,0.4773259836564079,0.6124239719336158,0.4108078974738094,0.5382461456361136,0.09819089125781444,17,0.7140294776709831,0.8095870021000177,0.6226429315897695,0.6906867370573181,0.6460344760324823,0.6965961248901141,0.06500974714752354
0.4724855899810791,0.07375169392697405,0.012054967880249023,0.0003611258588746846,128,25,0.5,500,0.1,256,2,mean,0.0,518400,"{'model__batch_size': 128, 'model__callbacks__early_stopping__patience': 25, 'model__lr': 0.5, 'model__max_epochs': 500, 'model__module__dropout': 0.1, 'model__module__hidden_size': 256, 'model__module__num_layers': 2, 'model__module__readout_mode': 'mean', 'model__optimizer__weight_decay': 0.0, 'prep__block_seconds': 518400}",0.4963970092133051,0.38470467100916284,0.3881247440822335,0.7908270882483769,0.5994581805983603,0.5319023386302877,0.15179301447229884,19,0.8303672738555474,0.8140951324825065,0.6222269480455509,0.7574370251466132,0.7036021393036944,0.7455457037667824,0.07616023183556603
0.8197203636169433,0.24484880148152557,0.02270989418029785,0.0006787974060299774,128,25,0.05,500,0.1,512,2,attention,0.0,86400,"{'model__batch_size': 128, 'model__callbacks__early_stopping__patience': 25, 'model__lr': 0.05, 'model__max_epochs': 500, 'model__module__dropout': 0.1, 'model__module__hidden_size': 512, 'model__module__num_layers': 2, 'model__module__readout_mode': 'attention', 'model__optimizer__weight_decay': 0.0, 'prep__block_seconds': 86400}",0.6188518830605552,0.35039171099975264,0.48572701497365656,0.9129056689456201,0.2603784536617214,0.5256509463282611,0.22861839384681398,20,0.5302721682029609,0.8872882835420101,0.5935231711587978,0.78540546501775,0.6416382384220607,0.6876254652687159,0.13050386679253193
0.7739823341369629,0.19070287861010674,0.022430896759033203,0.0007428725804939956,128,25,0.05,500,0.1,256,2,attention,0.0,86400,"{'model__batch_size': 128, 'model__callbacks__early_stopping__patience': 25, 'model__lr': 0.05, 'model__max_epochs': 500, 'model__module__dropout': 0.1, 'model__module__hidden_size': 256, 'model__module__num_layers': 2, 'model__module__readout_mode': 'attention', 'model__optimizer__weight_decay': 0.0, 'prep__block_seconds': 86400}",0.6185226414388374,0.30366010183967307,0.541881869383297,0.8528585359957173,0.28246138464383364,0.5198769066602716,0.21175825916856209,21,0.6404180714549483,0.8357066019243092,0.5861976703508498,0.6687796477743495,0.6671642132213151,0.6796532409451543,0.08354663908842012
201.50440196990968,114.35631462396377,2.6969563484191896,0.17476753704233436,128,25,0.05,500,0.1,512,2,attention,0.0,240,"{'model__batch_size': 128, 'model__callbacks__early_stopping__patience': 25, 'model__lr': 0.05, 'model__max_epochs': 500, 'model__module__dropout': 0.1, 'model__module__hidden_size': 512, 'model__module__num_layers': 2, 'model__module__readout_mode': 'attention', 'model__optimizer__weight_decay': 0.0, 'prep__block_seconds': 240}",0.6806018157485763,0.4833653312173066,0.7078579658372455,0.5970098756172497,0.12435151354961316,0.5186373003939982,0.21207763603409494,22,0.5345797658529692,0.9480067497765974,0.8630498795628758,0.7085442820687087,0.6231298525710964,0.7354621059664495,0.15175683480450636
7.925163793563843,2.189178330062173,0.22902274131774902,0.014721604821176043,128,25,0.05,500,0.1,256,2,attention,0.0,3600,"{'model__batch_size': 128, 'model__callbacks__early_stopping__patience': 25, 'model__lr': 0.05, 'model__max_epochs': 500, 'model__module__dropout': 0.1, 'model__module__hidden_size': 256, 'model__module__num_layers': 2, 'model__module__readout_mode': 'attention', 'model__optimizer__weight_decay': 0.0, 'prep__block_seconds': 3600}",0.5125107954885741,0.4580411948557248,0.48993977317789206,0.6611149149295499,0.4547809095723131,0.5152775176048108,0.07596583275083785,23,0.5627673276294769,0.6974226782410885,0.5360700993861234,0.5887766150779647,0.7911090854488922,0.6352291611567091,0.09529707262157716
0.7715134143829345,0.24852844464464882,0.022258424758911134,0.0006511008871638099,128,25,0.05,500,0.1,512,2,mean,0.0,86400,"{'model__batch_size': 128, 'model__callbacks__early_stopping__patience': 25, 'model__lr': 0.05, 'model__max_epochs': 500, 'model__module__dropout': 0.1, 'model__module__hidden_size': 512, 'model__module__num_layers': 2, 'model__module__readout_mode': 'mean', 'model__optimizer__weight_decay': 0.0, 'prep__block_seconds': 86400}",0.6260824749252472,0.3339328925010189,0.46642665078207024,0.8354049263836079,0.2419589171009069,0.5007611723385702,0.21150934383310246,24,0.5419389250495894,0.852554507126768,0.6015604261134212,0.8036992680178457,0.6309419068723301,0.6861390066359909,0.12042296582863504
7.882909345626831,2.2929059180423677,0.227974796295166,0.015221590128661503,128,25,0.1,500,0.1,256,2,attention,0.0,3600,"{'model__batch_size': 128, 'model__callbacks__early_stopping__patience': 25, 'model__lr': 0.1, 'model__max_epochs': 500, 'model__module__dropout': 0.1, 'model__module__hidden_size': 256, 'model__module__num_layers': 2, 'model__module__readout_mode': 'attention', 'model__optimizer__weight_decay': 0.0, 'prep__block_seconds': 3600}",0.39795541818482183,0.34386323178847744,0.5600991955980081,0.6130072728633501,0.5850802702377814,0.5000010777344878,0.10808607354774155,25,0.3920357429483218,0.6643688434878157,0.4247133376343142,0.6640766301132062,0.8179092344719181,0.5926207577311152,0.16089492045357112
12.440348863601685,7.081154725924372,0.22817606925964357,0.014409480229532836,128,25,0.1,500,0.1,256,2,mean,0.0,3600,"{'model__batch_size': 128, 'model__callbacks__early_stopping__patience': 25, 'model__lr': 0.1, 'model__max_epochs': 500, 'model__module__dropout': 0.1, 'model__module__hidden_size': 256, 'model__module__num_layers': 2, 'model__module__readout_mode': 'mean', 'model__optimizer__weight_decay': 0.0, 'prep__block_seconds': 3600}",0.5695591876145742,0.29254731435543113,0.4132108708721478,0.5158266135841971,0.6968709971582803,0.4976029967169261,0.13739533717958452,26,0.696209458681806,0.7752690421588276,0.5168283237477219,0.5670005814105391,0.8240593925985255,0.6758733597194839,0.11781406051315294
12.424368095397949,5.476736563738016,0.22684135437011718,0.014966063135799432,128,25,0.1,500,0.1,512,2,mean,0.0,3600,"{'model__batch_size': 128, 'model__callbacks__early_stopping__patience': 25, 'model__lr': 0.1, 'model__max_epochs': 500, 'model__module__dropout': 0.1, 'model__module__hidden_size': 512, 'model__module__num_layers': 2, 'model__module__readout_mode': 'mean', 'model__optimizer__weight_decay': 0.0, 'prep__block_seconds': 3600}",0.40571320323732407,0.48613849336789794,0.5688307042514597,0.5633745467502721,0.43249141852411277,0.49130967322621333,0.06635652207453738,27,0.5123154036383218,0.8521247278049717,0.21241220614680467,0.8278176956213983,0.7153177512859099,0.6239975568994813,0.23824333664049974
137.45594077110292,60.148639023539985,2.7258492946624755,0.18209512980999268,128,25,0.1,500,0.1,256,2,attention,0.0,240,"{'model__batch_size': 128, 'model__callbacks__early_stopping__patience': 25, 'model__lr': 0.1, 'model__max_epochs': 500, 'model__module__dropout': 0.1, 'model__module__hidden_size': 256, 'model__module__num_layers': 2, 'model__module__readout_mode': 'attention', 'model__optimizer__weight_decay': 0.0, 'prep__block_seconds': 240}",0.5590482588467001,0.37738167249574617,0.6184981331716615,0.4626623068384387,0.438603624865464,0.49123879924360203,0.0864217376529241,28,0.5312983828475413,0.8209434600138381,0.5033003173642219,0.5970239510331474,0.7172247859337064,0.6339581794384911,0.11905584479132666
109.66076292991639,24.293485605381434,2.7266568183898925,0.17364227040156593,128,25,0.05,500,0.1,256,2,attention,0.0,240,"{'model__batch_size': 128, 'model__callbacks__early_stopping__patience': 25, 'model__lr': 0.05, 'model__max_epochs': 500, 'model__module__dropout': 0.1, 'model__module__hidden_size': 256, 'model__module__num_layers': 2, 'model__module__readout_mode': 'attention', 'model__optimizer__weight_decay': 0.0, 'prep__block_seconds': 240}",0.5774250625491093,0.35403438668420906,0.5408316400540572,0.5153435442202651,0.44779000696115123,0.4870849280937583,0.07886080867139454,29,0.5468490273465627,0.7215507260469929,0.5552537782223959,0.5042389293304761,0.7413791245978884,0.6138543171088632,0.09777561891903543
0.7460370540618897,0.20148918017495032,0.02258024215698242,0.000686584337476781,128,25,0.1,500,0.1,256,2,attention,0.0,86400,"{'model__batch_size': 128, 'model__callbacks__early_stopping__patience': 25, 'model__lr': 0.1, 'model__max_epochs': 500, 'model__module__dropout': 0.1, 'model__module__hidden_size': 256, 'model__module__num_layers': 2, 'model__module__readout_mode': 'attention', 'model__optimizer__weight_decay': 0.0, 'prep__block_seconds': 86400}",0.5059956752268977,0.2501502980515721,0.5096543855914002,0.8672827174584012,0.2793808191236088,0.4824927790903759,0.2211745611233796,30,0.562679864733056,0.8572600606936438,0.5482930772086778,0.6207040787514737,0.6454517401612228,0.6468777643096149,0.11113598230661355
13.822556018829346,6.330247131590458,0.22665047645568848,0.015332717108800865,128,25,0.05,500,0.1,512,2,mean,0.0,3600,"{'model__batch_size': 128, 'model__callbacks__early_stopping__patience': 25, 'model__lr': 0.05, 'model__max_epochs': 500, 'model__module__dropout': 0.1, 'model__module__hidden_size': 512, 'model__module__num_layers': 2, 'model__module__readout_mode': 'mean', 'model__optimizer__weight_decay': 0.0, 'prep__block_seconds': 3600}",0.48278528071033,0.4646573607219595,0.4624460011252488,0.5716814174768852,0.4054726812599988,0.47740854825888446,0.053809892554544575,31,0.5904022127562056,0.8505324289244806,0.5276910763885472,0.8281262579816042,0.7320966216984686,0.7057697195498613,0.12778273363266276
2.340652847290039,0.9617387277649061,0.02258472442626953,0.0005489095449373977,128,25,0.5,500,0.1,256,2,attention,0.0,86400,"{'model__batch_size': 128, 'model__callbacks__early_stopping__patience': 25, 'model__lr': 0.5, 'model__max_epochs': 500, 'model__module__dropout': 0.1, 'model__module__hidden_size': 256, 'model__module__num_layers': 2, 'model__module__readout_mode': 'attention', 'model__optimizer__weight_decay': 0.0, 'prep__block_seconds': 86400}",-0.09674435954696814,0.62000738947234,0.7825821577295545,0.6154468467616241,0.3734885924065122,0.4589561253646125,0.30700761961203454,32,0.491267428707175,0.9408288798603074,0.8955072058022069,0.6174909060170473,0.7695550068160036,0.7429298854405479,0.1686544855361044
109.3386390209198,19.841731405325937,2.721177101135254,0.18106403395884374,128,25,0.1,500,0.1,256,2,mean,0.0,240,"{'model__batch_size': 128, 'model__callbacks__early_stopping__patience': 25, 'model__lr': 0.1, 'model__max_epochs': 500, 'model__module__dropout': 0.1, 'model__module__hidden_size': 256, 'model__module__num_layers': 2, 'model__module__readout_mode': 'mean', 'model__optimizer__weight_decay': 0.0, 'prep__block_seconds': 240}",0.6090947391852762,0.49085432547656505,0.5903743613883756,0.6229886789037176,-0.048535485485286634,0.4529553238937295,0.25499184963527366,33,0.625084302923909,0.6539143676510828,0.4697810399642035,0.5914869223571935,0.5216789719434681,0.5723891209679713,0.06765768480723655
8.988663387298583,1.9384152326722703,0.22695508003234863,0.014591712089786003,128,25,0.1,500,0.1,512,2,attention,0.0,3600,"{'model__batch_size': 128, 'model__callbacks__early_stopping__patience': 25, 'model__lr': 0.1, 'model__max_epochs': 500, 'model__module__dropout': 0.1, 'model__module__hidden_size': 512, 'model__module__num_layers': 2, 'model__module__readout_mode': 'attention', 'model__optimizer__weight_decay': 0.0, 'prep__block_seconds': 3600}",0.48327770246068624,0.39929345553474727,0.20513236292103698,0.6351216615752737,0.3929092185582562,0.42314688021000013,0.1396872617807666,34,0.22879441888376661,0.8235529151750622,0.7270414758381565,0.648353130063351,0.6676028311182602,0.6190689542157193,0.20445002754021208
0.6807990550994873,0.15095574795165048,0.022277975082397462,0.0006947824796003844,128,25,0.1,500,0.1,256,2,mean,0.0,86400,"{'model__batch_size': 128, 'model__callbacks__early_stopping__patience': 25, 'model__lr': 0.1, 'model__max_epochs': 500, 'model__module__dropout': 0.1, 'model__module__hidden_size': 256, 'model__module__num_layers': 2, 'model__module__readout_mode': 'mean', 'model__optimizer__weight_decay': 0.0, 'prep__block_seconds': 86400}",0.489057831495168,0.221974147481525,0.5031196438533283,0.779473168861434,0.11367076666783016,0.4214591116718571,0.23406837071316972,35,0.5487848691438246,0.7675001056370401,0.5239677686906444,0.6108891193327496,0.6009349543133418,0.6104153634235201,0.08489667048607383
162.03745164871216,40.07595319684954,2.718135690689087,0.1786778871038382,128,25,0.5,500,0.1,256,2,mean,0.0,240,"{'model__batch_size': 128, 'model__callbacks__early_stopping__patience': 25, 'model__lr': 0.5, 'model__max_epochs': 500, 'model__module__dropout': 0.1, 'model__module__hidden_size': 256, 'model__module__num_layers': 2, 'model__module__readout_mode': 'mean', 'model__optimizer__weight_decay': 0.0, 'prep__block_seconds': 240}",0.5739951783273225,0.19737890737837938,-0.15132934083180127,0.7693345871402987,0.4850314046399158,0.374882147330823,0.32117830429153965,36,0.6469975528569225,0.7201698286614344,-0.084716016368235,0.6276409845745954,0.7262362746662294,0.5272657248781893,0.30845869349027183
0.6531465530395508,0.30401682711676203,0.012226295471191407,0.00035712484587156166,128,25,0.5,500,0.1,512,2,attention,0.0,518400,"{'model__batch_size': 128, 'model__callbacks__early_stopping__patience': 25, 'model__lr': 0.5, 'model__max_epochs': 500, 'model__module__dropout': 0.1, 'model__module__hidden_size': 512, 'model__module__num_layers': 2, 'model__module__readout_mode': 'attention', 'model__optimizer__weight_decay': 0.0, 'prep__block_seconds': 518400}",-0.9482228521147216,-0.6624354289388712,0.3271059138059822,0.30619644593416984,0.7166760176328804,-0.05213598073611207,0.6385507855995654,37,-0.4407001291997459,-0.6627674607079577,0.5827397522093178,0.5088200167685648,0.8153570545655949,0.1606898467271548,0.5945858611408762
0.5715090274810791,0.2628216508611331,0.012070274353027344,0.00033242960258364875,128,25,0.5,500,0.1,512,2,mean,0.0,518400,"{'model__batch_size': 128, 'model__callbacks__early_stopping__patience': 25, 'model__lr': 0.5, 'model__max_epochs': 500, 'model__module__dropout': 0.1, 'model__module__hidden_size': 512, 'model__module__num_layers': 2, 'model__module__readout_mode': 'mean', 'model__optimizer__weight_decay': 0.0, 'prep__block_seconds': 518400}",-0.9482228521147216,-0.6624354289388712,0.3271059138059822,0.30619644593416984,0.7166760176328804,-0.05213598073611207,0.6385507855995654,37,-0.4407001291997459,-0.6627674607079577,0.5827397522093178,0.5088200167685648,0.8153570545655949,0.1606898467271548,0.5945858611408762
10.637142276763916,5.807329523782683,0.227581787109375,0.014295903479075528,128,25,0.5,500,0.1,256,2,mean,0.0,3600,"{'model__batch_size': 128, 'model__callbacks__early_stopping__patience': 25, 'model__lr': 0.5, 'model__max_epochs': 500, 'model__module__dropout': 0.1, 'model__module__hidden_size': 256, 'model__module__num_layers': 2, 'model__module__readout_mode': 'mean', 'model__optimizer__weight_decay': 0.0, 'prep__block_seconds': 3600}",0.21265098742664723,-0.42472462842743686,-0.2688715675785578,-1.3045095565757916,0.09001574457358186,-0.3390878041163114,0.5353220890763052,39,0.7582749936049499,-0.5443791649702914,-0.7824568394485374,-0.701646140474455,0.686010574393854,-0.11683931537889598,0.6896707958601657
1.2076637744903564,0.8027754196837752,0.02261638641357422,0.0007178339426607362,128,25,0.5,500,0.1,512,2,attention,0.0,86400,"{'model__batch_size': 128, 'model__callbacks__early_stopping__patience': 25, 'model__lr': 0.5, 'model__max_epochs': 500, 'model__module__dropout': 0.1, 'model__module__hidden_size': 512, 'model__module__num_layers': 2, 'model__module__readout_mode': 'attention', 'model__optimizer__weight_decay': 0.0, 'prep__block_seconds': 86400}",-0.939227079121999,0.1850619192491979,-0.8720624875716898,0.00043338210628429685,-1.066652771945555,-0.5384894074567523,0.5224523933040267,40,-0.8370541166462591,0.7897169386978184,-0.5923028359022569,-0.14251329785583366,-0.5100484978701387,-0.258440361915334,0.5694975845057195
0.6084483146667481,0.014936290337380406,0.022246026992797853,0.000719015295788319,128,25,0.5,500,0.1,256,2,mean,0.0,86400,"{'model__batch_size': 128, 'model__callbacks__early_stopping__patience': 25, 'model__lr': 0.5, 'model__max_epochs': 500, 'model__module__dropout': 0.1, 'model__module__hidden_size': 256, 'model__module__num_layers': 2, 'model__module__readout_mode': 'mean', 'model__optimizer__weight_decay': 0.0, 'prep__block_seconds': 86400}",-0.45791556125866695,-0.7319761626387917,-0.3768171877541755,-0.8825175098394102,-1.5665708826987594,-0.8031594608379606,0.4231129506234289,41,-0.596756848861165,-0.8938853732676639,-0.7944220172864869,-0.7252145417423008,-0.4834204925349519,-0.6987398547385137,0.14470709720766578
96.39005041122437,15.331996020044043,2.708960676193237,0.17777157405678917,128,25,0.5,500,0.1,256,2,attention,0.0,240,"{'model__batch_size': 128, 'model__callbacks__early_stopping__patience': 25, 'model__lr': 0.5, 'model__max_epochs': 500, 'model__module__dropout': 0.1, 'model__module__hidden_size': 256, 'model__module__num_layers': 2, 'model__module__readout_mode': 'attention', 'model__optimizer__weight_decay': 0.0, 'prep__block_seconds': 240}",-1.614207735456211,-0.02152873253135379,0.1936551950152411,-1.4154914681763806,-1.352619892500989,-0.8420385267299387,0.7657264135015001,42,-1.3932635271494997,-0.07874103865811333,0.33705935786847907,-1.592779779613271,-1.585738158335162,-0.8626926291775134,0.8235669358272918
6.388574552536011,0.5348706635081931,0.226469087600708,0.01399789008666638,128,25,0.5,500,0.1,512,2,mean,0.0,3600,"{'model__batch_size': 128, 'model__callbacks__early_stopping__patience': 25, 'model__lr': 0.5, 'model__max_epochs': 500, 'model__module__dropout': 0.1, 'model__module__hidden_size': 512, 'model__module__num_layers': 2, 'model__module__readout_mode': 'mean', 'model__optimizer__weight_decay': 0.0, 'prep__block_seconds': 3600}",-0.6464749571477773,-1.0079784514047962,-0.8857425970309833,-0.9249822059464805,-1.9295209743453023,-1.0789398371750678,0.44194519738313126,43,-0.7895713824009709,-1.1893426321910106,-0.8190633281357236,-0.6831595688494221,-0.9246851445391575,-0.881164411223257,0.17223217769056706
8.423914003372193,2.5289742406804976,0.22772536277770997,0.015002891332881707,128,25,0.5,500,0.1,256,2,attention,0.0,3600,"{'model__batch_size': 128, 'model__callbacks__early_stopping__patience': 25, 'model__lr': 0.5, 'model__max_epochs': 500, 'model__module__dropout': 0.1, 'model__module__hidden_size': 256, 'model__module__num_layers': 2, 'model__module__readout_mode': 'attention', 'model__optimizer__weight_decay': 0.0, 'prep__block_seconds': 3600}",-1.1007211741988208,-0.632239763438228,-1.7965386611558252,-0.9368488421878338,-0.9886309811095713,-1.0909958844180558,0.38537832156526436,44,-1.1934594498660092,-0.08113732483803582,-1.0208948657388772,-0.9842467976340554,-1.2370152229712077,-0.9033507322096369,0.4223483738444634
85.91139087677001,2.515714913282317,2.6956121921539307,0.18028718748876052,128,25,0.5,500,0.1,512,2,mean,0.0,240,"{'model__batch_size': 128, 'model__callbacks__early_stopping__patience': 25, 'model__lr': 0.5, 'model__max_epochs': 500, 'model__module__dropout': 0.1, 'model__module__hidden_size': 512, 'model__module__num_layers': 2, 'model__module__readout_mode': 'mean', 'model__optimizer__weight_decay': 0.0, 'prep__block_seconds': 240}",-0.8577074266190574,-0.13412147694934018,-0.3831722753550746,-2.0212917601779536,-2.40801778588089,-1.1608621449964631,0.899626259211056,45,-1.072958417052884,-0.9049853610468708,-0.9284463772177629,-1.1379375704235764,-1.0069409204409028,-1.0102537292363993,0.0872007890585605
105.41933650970459,13.614224714253876,2.699265384674072,0.17637138313353135,128,25,0.5,500,0.1,512,2,attention,0.0,240,"{'model__batch_size': 128, 'model__callbacks__early_stopping__patience': 25, 'model__lr': 0.5, 'model__max_epochs': 500, 'model__module__dropout': 0.1, 'model__module__hidden_size': 512, 'model__module__num_layers': 2, 'model__module__readout_mode': 'attention', 'model__optimizer__weight_decay': 0.0, 'prep__block_seconds': 240}",-1.5507336967067502,-1.6045621933219745,-0.9877737326074114,-0.7888985666925883,-1.2393075640796858,-1.2342551506816821,0.3150895362155408,46,-1.4666134378396087,-1.4469000856321914,-0.9595540423310915,-1.3484544429240297,-1.7769029998650434,-1.399685001718393,0.262808648792978
0.662408447265625,0.04306400954878801,0.02225499153137207,0.0007321524776537098,128,25,0.5,500,0.1,512,2,mean,0.0,86400,"{'model__batch_size': 128, 'model__callbacks__early_stopping__patience': 25, 'model__lr': 0.5, 'model__max_epochs': 500, 'model__module__dropout': 0.1, 'model__module__hidden_size': 512, 'model__module__num_layers': 2, 'model__module__readout_mode': 'mean', 'model__optimizer__weight_decay': 0.0, 'prep__block_seconds': 86400}",-1.3920086681966235,-1.2353749941571048,-0.5861457434910282,-1.2958367776997077,-1.7674644677284,-1.2553661302545727,0.3823112175455349,47,-1.264257183813665,-1.2884579317865068,-1.144199402856144,-1.4713107063995787,-0.9711271323149864,-1.2278704714341762,0.16563572747979485
9.114149618148804,4.824284984722844,0.22619433403015138,0.014468456292412024,128,25,0.5,500,0.1,512,2,attention,0.0,3600,"{'model__batch_size': 128, 'model__callbacks__early_stopping__patience': 25, 'model__lr': 0.5, 'model__max_epochs': 500, 'model__module__dropout': 0.1, 'model__module__hidden_size': 512, 'model__module__num_layers': 2, 'model__module__readout_mode': 'attention', 'model__optimizer__weight_decay': 0.0, 'prep__block_seconds': 3600}",-0.8102260777438899,-1.548588833100911,-1.2517859695022775,-1.2400073384689243,-4.454260386398337,-1.860973721042868,1.317839111708057,48,-1.0261349365316006,-1.1330378728593131,-1.3882684485714418,-1.336804691334346,-2.9227446845854415,-1.5613981267764285,0.6933512439080922
